p_val,error_avg,pico
0.16,0.0010182808660118123,max
0.26,0.0005623172433326357,min
0.53,0.0011727542283474942,max
0.54,0.0011722780188772584,min
0.55,0.0011760939275179978,max
