test,error_abs,error_rel
test_15_segundos,4.6492289879520644e-05,5.014509640900006e-05
test_30_segundos,3.623331248088339e-05,4.8409202891999984e-05
test_aleatorio,2.498001805406602e-16,2.5181598101164937e-07
test_aleatorio_desordenado,2.498001805406602e-16,2.5181598101164937e-07
test_completo,0.0,0.0
test_sin_links,2.7755575615628914e-17,0.0
test_trivial,0.0,0.0
