test,error_abs,error_rel
test_15_segundos,0.029113744708457,0.029098154954073384
test_30_segundos,0.022957220148367995,0.02299094438827623
test_aleatorio,6.176085730336123e-07,7.91033905045424e-16
test_aleatorio_desordenado,6.176085730336123e-07,7.91033905045424e-16
test_completo,0.0,0.0
test_sin_links,0.0,1.3877787807814457e-16
test_trivial,0.0,0.0
